text,label
Fibre also appears to help the body get rid of bile acids which lowers cholesterol thus decreasing the risk of cardiovascular disease, 1
There is something you can do to help promote your lungs' natural self-cleaning capacity though, 0
All of this can have an impact on our brains the next day, 1
The dangers of contact sports have actually been known about for almost 100 years, 0
The study found that former professional footballers are five times more likely to develop Alzheimer's disease, 1
That force causes the brain inside the skull to move away from the site of impact, 0
Psychologists have found that people tend to become less neurotic and more conscientious and agreeable over the course of a lifetime, 1
Typically people want to become more extraverted and conscientious while being less neurotic, 0
Everything from obesity and ultra-processed foods to antibiotics and the microbiome to air pollution and microplastics have been suggested, 0
We can correct myopia with spectacles and contact lenses as we have for a long time, 1
This revolutionary tech could heal broken bones, 1
Ex-pro footballers are 3 times more likely to get dementia from heading balls, 1
You will not be able to work in the United Kingdom if you do not have digital ID, 0
it's going to take you longer to eat food hew them and swallow them, 0
Most people probably wouldn't want to eat two or three as that's quite a lot of oranges, 1
Inflammation is an important part of the immune response but when you have excessive inflammation or if you have sustained inflammation that doesn't calm down it damages your tissues and it's detrimental for pretty much every body system, 0
The endothelium has the function of making your vessels stiffer if you need your blood pressure to go up, 0
You can't eat poorly all day long and think that it's enough to have a glass of tart cherry juice before bedtime, 0
One of the most important things before sleep is to stop eating a few hours before bed especially not having the biggest bulk of calories before bed, 0
When you have a clearer separation between day and night the brain has an easier time recognising that it's time for sleep, 0
if people in the United States and Europe can get over the ick edible insects could revolutionise food systems, 1
At some point in the future we'll be consuming insects more, 0
it's unrealistic to expect insects to become a major meat substitute, 0
Plant-based meats don't trigger the same disgust response as insects, 0
Cutting back on caffeine will not directly cause vivid dreams, 0
cutting back on caffeine can mean we get more REM sleep, 1
People carry bacteria as part of their skin microbiome and can shed them in large numbers, 1
You are more likely to find pathogenic bacteria in hospital linen where sick patients have been sleeping than in the bed clothes of healthy people, 1
In hospitals they wash linen at very high temperatures, 0
We think the reason why you find so much fungi in our pillows is because most of us sweat at night from our heads, 1
There could be billions or trillions of fungal particles in every pillow, 1
If you eat in bed then washing the sheets very regularly is important, 0
If we're willing to commit we can not only get the cardiovascular benefits but also develop the heart of an athlete, 1
If finding time to exercise in the week is a challenge and you're only able to work out at weekends rest assured this is still beneficial, 0
A lot of people who don’t currently drink are people who used to drink heavily or who have health problems that led them to quit, 0
The most obvious and impactful change is the removal of the psychological and physical barrier of self-injection, 0
Daily pill intake is common for many medications potentially leading to better long-term adherence, 1
The distinctive difference is the pill provides greater flexibility in how patients choose to take their medication, 0
The pill’s effectiveness is highly dependent on strict adherence to the dosing instructions, 0
There is a specific contraindication for the pill that does not apply to the injection, 0
You still have to make the right food choices, 0
If you eliminate or reduce as much as possible carbohydrates and sugars that’s going to direct the body towards burning the fat more and that’s the goal, 0
Taking a break from alcohol often allows them to engage more meaningfully with loved ones, 0
Alcohol has long been known to have a negative impact on sleep, 0
Alcohol can also worsen or unmask underlying conditions such as sleep apnea, 0
If you are struggling with alcohol use or addiction you should seek professional or medical careTrusted Source for assistance, 0
Sleep has a perpetual association with the ethereal dreams altered states and emotions, 0
Dreams are thought to occur primarily during REM sleep, 0
Do not shout or startle the person and do not physically restrain them unless they’re in danger, 0
The best advice is to avoid late-night meals reduce alcohol intake and be gentle with sleepwalkers, 0
Flu vaccines cut the risk of hospitalization or intensive care admission for children by about half and the risk of pneumonia by 70%, 0
Flu vaccines do prevent some people from getting the flu but in general vaccines aren’t great at preventing respiratory infections, 0
So vaccination basically eliminated about two-thirds of the hospitalizations that would have occurred without it, 0
We can’t expect a shot that we get in our arm to put up this magic force shield that blocks those respiratory viruses from entry in our nose, 0
Officials say the new regulation may affect smaller companies first,1
The court issued a ruling on the contract dispute yesterday,0
Investigators believe the suspect might have left the area before dawn,1
The committee approved the transportation budget,0
Early reports suggest the outage could be linked to a regional network failure,1
The witness described the sequence of events during testimony,0
Analysts say the price increase may reflect supply shortages,1
The mayor opened the public housing complex on Monday,0
Police say the vehicle may have crossed the center line,1
The research team published its findings in a medical journal,0
Economists say the slowdown might signal deeper structural issues,1
The jury returned a unanimous verdict,0
Officials said the talks could resume later this week,1
The company reported record profits for the quarter,0
Scientists say the pattern may indicate changes in ocean temperatures,1
The agency released updated safety guidelines,0
Witnesses say the suspect appeared to hesitate before entering the building,1
The minister announced a nationwide education reform,0
Experts believe the damage may exceed earlier estimates,1
The prosecutor presented new evidence during the hearing,0
Authorities say the fire might have started near electrical equipment,1
The transportation department expanded rail service across the region,0
Analysts say the merger could reshape the industry landscape,1
The hospital opened a new emergency wing,0
Investigators say the error may have occurred during data processing,1
The council passed the zoning ordinance,0
Economists say the policy might stabilize currency markets,1
The defendant entered a formal plea in court,0
Officials say the program may benefit rural communities,1
The company launched a redesigned mobile application,0
Experts suggest the conflict could escalate without mediation,1
The government released its annual economic report,0
Police believe the suspect may have used a stolen identity,1
The organization hosted an international climate conference,0
Early evidence suggests the drug might reduce recovery time,1
The judge scheduled the next hearing for July,0
Authorities say the landslide may have been triggered by heavy rain,1
The central bank increased interest rates,0
Analysts believe demand could grow during the holiday season,1
The investigation uncovered fraudulent transactions,0
Officials say the bridge may reopen next month,1
The legislature approved the infrastructure bill,0
Researchers say the signal might originate from a distant source,1
The airline canceled multiple flights due to weather,0
Witnesses say the argument may have started earlier that evening,1
The museum unveiled a new exhibition,0
Experts believe the proposal could face legal challenges,1
The company closed several international offices,0
Police say the suspect may be traveling under a different name,1
The administration announced changes to immigration policy,0
Economists say inflation may decline later this year,1
The firefighters contained the blaze within an hour,0
Investigators say the device might have malfunctioned during testing,1
The school district introduced a revised curriculum,0
Analysts suggest the market could remain volatile this quarter,1
The parliament held an emergency session,0
Officials say the contamination may have spread through groundwater,1
The startup secured new investment funding,0
Experts believe the results might challenge earlier assumptions,1
The court dismissed two of the charges,0
Authorities say the suspect may have acted alone,1
The agency launched a national awareness campaign,0
Researchers say the trend could influence future policy decisions,1
The port resumed cargo operations this morning,0
Police say the individual may have entered through a side door,1
The committee released its final report,0
Economists believe the downturn might affect global trade,1
The company introduced new environmental standards,0
Officials say negotiations may continue through the weekend,1
The investigation confirmed the timeline of events,0
Analysts suggest the shift could attract foreign investment,1
The governor signed the bill into law,0
Witnesses say the driver may have ignored the warning signals,1
The medical board issued updated treatment protocols,0
Experts say the reform might improve longterm outcomes,1
The construction project finished ahead of schedule,0
Authorities believe the attack may have been planned weeks earlier,1
The court released the official transcript,0
Scientists say the discovery could alter current models,1
The government deployed additional relief teams,0
Officials say the missing funds may have been transferred abroad,1
The investigation identified the source of the leak,0
Analysts believe the partnership might strengthen regional trade,1
The city opened a new public park,0
Police say the suspect may be hiding nearby,1
The regulator issued a formal warning to the firm,0
Experts suggest the measure could reduce longterm costs,1
The commission approved the final proposal,0
Authorities say the disruption may continue for several days,1
The report documented widespread infrastructure damage,0
